name,det2019_z_pos,det2019_rel_z_pos,det2021_z_pos,det2021_rel_z_pos,det2016_z_pos,det2016_rel_z_pos
L1tA,37.451,-149.929,38.381,-149.929,87.92,-100.07000000000001
L1tS,45.018,-142.362,45.948,-142.362,96.105,-91.885
L2tA,87.435,-99.945,88.365,-99.94500000000001,187.99,0.0
L2tS,95.002,-92.378,95.932,-92.378,195.99,8.0
L3tA,187.38,0.0,188.31,0.0,287.98,99.99000000000001
L3tS,194.74,7.360000000000014,195.67,7.359999999999985,295.97,107.98000000000002
